"title","uppercase_title","lowercase_title"
"ACADEMY DINOSAUR","ACADEMY DINOSAUR","academy dinosaur"
"ACE GOLDFINGER","ACE GOLDFINGER","ace goldfinger"
"ADAPTATION HOLES","ADAPTATION HOLES","adaptation holes"
"AFFAIR PREJUDICE","AFFAIR PREJUDICE","affair prejudice"
"AFRICAN EGG","AFRICAN EGG","african egg"
"AGENT TRUMAN","AGENT TRUMAN","agent truman"
"AIRPLANE SIERRA","AIRPLANE SIERRA","airplane sierra"
"AIRPORT POLLOCK","AIRPORT POLLOCK","airport pollock"
"ALABAMA DEVIL","ALABAMA DEVIL","alabama devil"
"ALADDIN CALENDAR","ALADDIN CALENDAR","aladdin calendar"
"ALAMO VIDEOTAPE","ALAMO VIDEOTAPE","alamo videotape"
"ALASKA PHANTOM","ALASKA PHANTOM","alaska phantom"
"ALI FOREVER","ALI FOREVER","ali forever"
"ALICE FANTASIA","ALICE FANTASIA","alice fantasia"
"ALIEN CENTER","ALIEN CENTER","alien center"
"ALLEY EVOLUTION","ALLEY EVOLUTION","alley evolution"
"ALONE TRIP","ALONE TRIP","alone trip"
"ALTER VICTORY","ALTER VICTORY","alter victory"
"AMADEUS HOLY","AMADEUS HOLY","amadeus holy"
"AMELIE HELLFIGHTERS","AMELIE HELLFIGHTERS","amelie hellfighters"
"AMERICAN CIRCUS","AMERICAN CIRCUS","american circus"
"AMISTAD MIDSUMMER","AMISTAD MIDSUMMER","amistad midsummer"
"ANACONDA CONFESSIONS","ANACONDA CONFESSIONS","anaconda confessions"
"ANALYZE HOOSIERS","ANALYZE HOOSIERS","analyze hoosiers"
"ANGELS LIFE","ANGELS LIFE","angels life"
"ANNIE IDENTITY","ANNIE IDENTITY","annie identity"
"ANONYMOUS HUMAN","ANONYMOUS HUMAN","anonymous human"
"ANTHEM LUKE","ANTHEM LUKE","anthem luke"
"ANTITRUST TOMATOES","ANTITRUST TOMATOES","antitrust tomatoes"
"ANYTHING SAVANNAH","ANYTHING SAVANNAH","anything savannah"
"APACHE DIVINE","APACHE DIVINE","apache divine"
"APOCALYPSE FLAMINGOS","APOCALYPSE FLAMINGOS","apocalypse flamingos"
"APOLLO TEEN","APOLLO TEEN","apollo teen"
"ARABIA DOGMA","ARABIA DOGMA","arabia dogma"
"ARACHNOPHOBIA ROLLERCOASTER","ARACHNOPHOBIA ROLLERCOASTER","arachnophobia rollercoaster"
"ARGONAUTS TOWN","ARGONAUTS TOWN","argonauts town"
"ARIZONA BANG","ARIZONA BANG","arizona bang"
"ARK RIDGEMONT","ARK RIDGEMONT","ark ridgemont"
"ARMAGEDDON LOST","ARMAGEDDON LOST","armageddon lost"
"ARMY FLINTSTONES","ARMY FLINTSTONES","army flintstones"
"ARSENIC INDEPENDENCE","ARSENIC INDEPENDENCE","arsenic independence"
"ARTIST COLDBLOODED","ARTIST COLDBLOODED","artist coldblooded"
"ATLANTIS CAUSE","ATLANTIS CAUSE","atlantis cause"
"ATTACKS HATE","ATTACKS HATE","attacks hate"
"ATTRACTION NEWTON","ATTRACTION NEWTON","attraction newton"
"AUTUMN CROW","AUTUMN CROW","autumn crow"
"BABY HALL","BABY HALL","baby hall"
"BACKLASH UNDEFEATED","BACKLASH UNDEFEATED","backlash undefeated"
"BADMAN DAWN","BADMAN DAWN","badman dawn"
"BAKED CLEOPATRA","BAKED CLEOPATRA","baked cleopatra"
"BALLOON HOMEWARD","BALLOON HOMEWARD","balloon homeward"
"BALLROOM MOCKINGBIRD","BALLROOM MOCKINGBIRD","ballroom mockingbird"
"BANG KWAI","BANG KWAI","bang kwai"
"BANGER PINOCCHIO","BANGER PINOCCHIO","banger pinocchio"
"BARBARELLA STREETCAR","BARBARELLA STREETCAR","barbarella streetcar"
"BAREFOOT MANCHURIAN","BAREFOOT MANCHURIAN","barefoot manchurian"
"BASIC EASY","BASIC EASY","basic easy"
"BEACH HEARTBREAKERS","BEACH HEARTBREAKERS","beach heartbreakers"
"BEAR GRACELAND","BEAR GRACELAND","bear graceland"
"BEAST HUNCHBACK","BEAST HUNCHBACK","beast hunchback"
"BEAUTY GREASE","BEAUTY GREASE","beauty grease"
"BED HIGHBALL","BED HIGHBALL","bed highball"
"BEDAZZLED MARRIED","BEDAZZLED MARRIED","bedazzled married"
"BEETHOVEN EXORCIST","BEETHOVEN EXORCIST","beethoven exorcist"
"BEHAVIOR RUNAWAY","BEHAVIOR RUNAWAY","behavior runaway"
"BENEATH RUSH","BENEATH RUSH","beneath rush"
"BERETS AGENT","BERETS AGENT","berets agent"
"BETRAYED REAR","BETRAYED REAR","betrayed rear"
"BEVERLY OUTLAW","BEVERLY OUTLAW","beverly outlaw"
"BIKINI BORROWERS","BIKINI BORROWERS","bikini borrowers"
"BILKO ANONYMOUS","BILKO ANONYMOUS","bilko anonymous"
"BILL OTHERS","BILL OTHERS","bill others"
"BINGO TALENTED","BINGO TALENTED","bingo talented"
"BIRCH ANTITRUST","BIRCH ANTITRUST","birch antitrust"
"BIRD INDEPENDENCE","BIRD INDEPENDENCE","bird independence"
"BIRDCAGE CASPER","BIRDCAGE CASPER","birdcage casper"
"BIRDS PERDITION","BIRDS PERDITION","birds perdition"
"BLACKOUT PRIVATE","BLACKOUT PRIVATE","blackout private"
"BLADE POLISH","BLADE POLISH","blade polish"
"BLANKET BEVERLY","BLANKET BEVERLY","blanket beverly"
"BLINDNESS GUN","BLINDNESS GUN","blindness gun"
"BLOOD ARGONAUTS","BLOOD ARGONAUTS","blood argonauts"
"BLUES INSTINCT","BLUES INSTINCT","blues instinct"
"BOILED DARES","BOILED DARES","boiled dares"
"BONNIE HOLOCAUST","BONNIE HOLOCAUST","bonnie holocaust"
"BOOGIE AMELIE","BOOGIE AMELIE","boogie amelie"
"BOONDOCK BALLROOM","BOONDOCK BALLROOM","boondock ballroom"
"BORN SPINAL","BORN SPINAL","born spinal"
"BORROWERS BEDAZZLED","BORROWERS BEDAZZLED","borrowers bedazzled"
"BOULEVARD MOB","BOULEVARD MOB","boulevard mob"
"BOUND CHEAPER","BOUND CHEAPER","bound cheaper"
"BOWFINGER GABLES","BOWFINGER GABLES","bowfinger gables"
"BRANNIGAN SUNRISE","BRANNIGAN SUNRISE","brannigan sunrise"
"BRAVEHEART HUMAN","BRAVEHEART HUMAN","braveheart human"
"BREAKFAST GOLDFINGER","BREAKFAST GOLDFINGER","breakfast goldfinger"
"BREAKING HOME","BREAKING HOME","breaking home"
"BRIDE INTRIGUE","BRIDE INTRIGUE","bride intrigue"
"BRIGHT ENCOUNTERS","BRIGHT ENCOUNTERS","bright encounters"
"BRINGING HYSTERICAL","BRINGING HYSTERICAL","bringing hysterical"
"BROOKLYN DESERT","BROOKLYN DESERT","brooklyn desert"
"BROTHERHOOD BLANKET","BROTHERHOOD BLANKET","brotherhood blanket"
"BUBBLE GROSSE","BUBBLE GROSSE","bubble grosse"
"BUCKET BROTHERHOOD","BUCKET BROTHERHOOD","bucket brotherhood"
"BUGSY SONG","BUGSY SONG","bugsy song"
"BULL SHAWSHANK","BULL SHAWSHANK","bull shawshank"
"BULWORTH COMMANDMENTS","BULWORTH COMMANDMENTS","bulworth commandments"
"BUNCH MINDS","BUNCH MINDS","bunch minds"
"BUTCH PANTHER","BUTCH PANTHER","butch panther"
"BUTTERFLY CHOCOLAT","BUTTERFLY CHOCOLAT","butterfly chocolat"
"CABIN FLASH","CABIN FLASH","cabin flash"
"CADDYSHACK JEDI","CADDYSHACK JEDI","caddyshack jedi"
"CALENDAR GUNFIGHT","CALENDAR GUNFIGHT","calendar gunfight"
"CALIFORNIA BIRDS","CALIFORNIA BIRDS","california birds"
"CAMELOT VACATION","CAMELOT VACATION","camelot vacation"
"CAMPUS REMEMBER","CAMPUS REMEMBER","campus remember"
"CANDIDATE PERDITION","CANDIDATE PERDITION","candidate perdition"
"CANDLES GRAPES","CANDLES GRAPES","candles grapes"
"CANYON STOCK","CANYON STOCK","canyon stock"
"CAPER MOTIONS","CAPER MOTIONS","caper motions"
"CARIBBEAN LIBERTY","CARIBBEAN LIBERTY","caribbean liberty"
"CAROL TEXAS","CAROL TEXAS","carol texas"
"CARRIE BUNCH","CARRIE BUNCH","carrie bunch"
"CASABLANCA SUPER","CASABLANCA SUPER","casablanca super"
"CASPER DRAGONFLY","CASPER DRAGONFLY","casper dragonfly"
"CASSIDY WYOMING","CASSIDY WYOMING","cassidy wyoming"
"CASUALTIES ENCINO","CASUALTIES ENCINO","casualties encino"
"CAT CONEHEADS","CAT CONEHEADS","cat coneheads"
"CATCH AMISTAD","CATCH AMISTAD","catch amistad"
"CAUSE DATE","CAUSE DATE","cause date"
"CELEBRITY HORN","CELEBRITY HORN","celebrity horn"
"CENTER DINOSAUR","CENTER DINOSAUR","center dinosaur"
"CHAINSAW UPTOWN","CHAINSAW UPTOWN","chainsaw uptown"
"CHAMBER ITALIAN","CHAMBER ITALIAN","chamber italian"
"CHAMPION FLATLINERS","CHAMPION FLATLINERS","champion flatliners"
"CHANCE RESURRECTION","CHANCE RESURRECTION","chance resurrection"
"CHAPLIN LICENSE","CHAPLIN LICENSE","chaplin license"
"CHARADE DUFFEL","CHARADE DUFFEL","charade duffel"
"CHARIOTS CONSPIRACY","CHARIOTS CONSPIRACY","chariots conspiracy"
"CHASING FIGHT","CHASING FIGHT","chasing fight"
"CHEAPER CLYDE","CHEAPER CLYDE","cheaper clyde"
"CHICAGO NORTH","CHICAGO NORTH","chicago north"
"CHICKEN HELLFIGHTERS","CHICKEN HELLFIGHTERS","chicken hellfighters"
"CHILL LUCK","CHILL LUCK","chill luck"
"CHINATOWN GLADIATOR","CHINATOWN GLADIATOR","chinatown gladiator"
"CHISUM BEHAVIOR","CHISUM BEHAVIOR","chisum behavior"
"CHITTY LOCK","CHITTY LOCK","chitty lock"
"CHOCOLAT HARRY","CHOCOLAT HARRY","chocolat harry"
"CHOCOLATE DUCK","CHOCOLATE DUCK","chocolate duck"
"CHRISTMAS MOONSHINE","CHRISTMAS MOONSHINE","christmas moonshine"
"CIDER DESIRE","CIDER DESIRE","cider desire"
"CINCINATTI WHISPERER","CINCINATTI WHISPERER","cincinatti whisperer"
"CIRCUS YOUTH","CIRCUS YOUTH","circus youth"
"CITIZEN SHREK","CITIZEN SHREK","citizen shrek"
"CLASH FREDDY","CLASH FREDDY","clash freddy"
"CLEOPATRA DEVIL","CLEOPATRA DEVIL","cleopatra devil"
"CLERKS ANGELS","CLERKS ANGELS","clerks angels"
"CLOCKWORK PARADISE","CLOCKWORK PARADISE","clockwork paradise"
"CLONES PINOCCHIO","CLONES PINOCCHIO","clones pinocchio"
"CLOSER BANG","CLOSER BANG","closer bang"
"CLUB GRAFFITI","CLUB GRAFFITI","club graffiti"
"CLUE GRAIL","CLUE GRAIL","clue grail"
"CLUELESS BUCKET","CLUELESS BUCKET","clueless bucket"
"CLYDE THEORY","CLYDE THEORY","clyde theory"
"COAST RAINBOW","COAST RAINBOW","coast rainbow"
"COLDBLOODED DARLING","COLDBLOODED DARLING","coldblooded darling"
"COLOR PHILADELPHIA","COLOR PHILADELPHIA","color philadelphia"
"COMA HEAD","COMA HEAD","coma head"
"COMANCHEROS ENEMY","COMANCHEROS ENEMY","comancheros enemy"
"COMFORTS RUSH","COMFORTS RUSH","comforts rush"
"COMMAND DARLING","COMMAND DARLING","command darling"
"COMMANDMENTS EXPRESS","COMMANDMENTS EXPRESS","commandments express"
"CONEHEADS SMOOCHY","CONEHEADS SMOOCHY","coneheads smoochy"
"CONFESSIONS MAGUIRE","CONFESSIONS MAGUIRE","confessions maguire"
"CONFIDENTIAL INTERVIEW","CONFIDENTIAL INTERVIEW","confidential interview"
"CONFUSED CANDLES","CONFUSED CANDLES","confused candles"
"CONGENIALITY QUEST","CONGENIALITY QUEST","congeniality quest"
"CONNECTICUT TRAMP","CONNECTICUT TRAMP","connecticut tramp"
"CONNECTION MICROCOSMOS","CONNECTION MICROCOSMOS","connection microcosmos"
"CONQUERER NUTS","CONQUERER NUTS","conquerer nuts"
"CONSPIRACY SPIRIT","CONSPIRACY SPIRIT","conspiracy spirit"
"CONTACT ANONYMOUS","CONTACT ANONYMOUS","contact anonymous"
"CONTROL ANTHEM","CONTROL ANTHEM","control anthem"
"CONVERSATION DOWNHILL","CONVERSATION DOWNHILL","conversation downhill"
"CORE SUIT","CORE SUIT","core suit"
"COWBOY DOOM","COWBOY DOOM","cowboy doom"
"CRAFT OUTFIELD","CRAFT OUTFIELD","craft outfield"
"CRANES RESERVOIR","CRANES RESERVOIR","cranes reservoir"
"CRAZY HOME","CRAZY HOME","crazy home"
"CREATURES SHAKESPEARE","CREATURES SHAKESPEARE","creatures shakespeare"
"CREEPERS KANE","CREEPERS KANE","creepers kane"
"CROOKED FROGMEN","CROOKED FROGMEN","crooked frogmen"
"CROSSING DIVORCE","CROSSING DIVORCE","crossing divorce"
"CROSSROADS CASUALTIES","CROSSROADS CASUALTIES","crossroads casualties"
"CROW GREASE","CROW GREASE","crow grease"
"CROWDS TELEMARK","CROWDS TELEMARK","crowds telemark"
"CRUELTY UNFORGIVEN","CRUELTY UNFORGIVEN","cruelty unforgiven"
"CRUSADE HONEY","CRUSADE HONEY","crusade honey"
"CRYSTAL BREAKING","CRYSTAL BREAKING","crystal breaking"
"CUPBOARD SINNERS","CUPBOARD SINNERS","cupboard sinners"
"CURTAIN VIDEOTAPE","CURTAIN VIDEOTAPE","curtain videotape"
"CYCLONE FAMILY","CYCLONE FAMILY","cyclone family"
"DADDY PITTSBURGH","DADDY PITTSBURGH","daddy pittsburgh"
"DAISY MENAGERIE","DAISY MENAGERIE","daisy menagerie"
"DALMATIONS SWEDEN","DALMATIONS SWEDEN","dalmations sweden"
"DANCES NONE","DANCES NONE","dances none"
"DANCING FEVER","DANCING FEVER","dancing fever"
"DANGEROUS UPTOWN","DANGEROUS UPTOWN","dangerous uptown"
"DARES PLUTO","DARES PLUTO","dares pluto"
"DARKNESS WAR","DARKNESS WAR","darkness war"
"DARKO DORADO","DARKO DORADO","darko dorado"
"DARLING BREAKING","DARLING BREAKING","darling breaking"
"DARN FORRESTER","DARN FORRESTER","darn forrester"
"DATE SPEED","DATE SPEED","date speed"
"DAUGHTER MADIGAN","DAUGHTER MADIGAN","daughter madigan"
"DAWN POND","DAWN POND","dawn pond"
"DAY UNFAITHFUL","DAY UNFAITHFUL","day unfaithful"
"DAZED PUNK","DAZED PUNK","dazed punk"
"DECEIVER BETRAYED","DECEIVER BETRAYED","deceiver betrayed"
"DEEP CRUSADE","DEEP CRUSADE","deep crusade"
"DEER VIRGINIAN","DEER VIRGINIAN","deer virginian"
"DELIVERANCE MULHOLLAND","DELIVERANCE MULHOLLAND","deliverance mulholland"
"DESERT POSEIDON","DESERT POSEIDON","desert poseidon"
"DESIRE ALIEN","DESIRE ALIEN","desire alien"
"DESPERATE TRAINSPOTTING","DESPERATE TRAINSPOTTING","desperate trainspotting"
"DESTINATION JERK","DESTINATION JERK","destination jerk"
"DESTINY SATURDAY","DESTINY SATURDAY","destiny saturday"
"DETAILS PACKER","DETAILS PACKER","details packer"
"DETECTIVE VISION","DETECTIVE VISION","detective vision"
"DEVIL DESIRE","DEVIL DESIRE","devil desire"
"DIARY PANIC","DIARY PANIC","diary panic"
"DINOSAUR SECRETARY","DINOSAUR SECRETARY","dinosaur secretary"
"DIRTY ACE","DIRTY ACE","dirty ace"
"DISCIPLE MOTHER","DISCIPLE MOTHER","disciple mother"
"DISTURBING SCARFACE","DISTURBING SCARFACE","disturbing scarface"
"DIVIDE MONSTER","DIVIDE MONSTER","divide monster"
"DIVINE RESURRECTION","DIVINE RESURRECTION","divine resurrection"
"DIVORCE SHINING","DIVORCE SHINING","divorce shining"
"DOCTOR GRAIL","DOCTOR GRAIL","doctor grail"
"DOGMA FAMILY","DOGMA FAMILY","dogma family"
"DOLLS RAGE","DOLLS RAGE","dolls rage"
"DONNIE ALLEY","DONNIE ALLEY","donnie alley"
"DOOM DANCING","DOOM DANCING","doom dancing"
"DOORS PRESIDENT","DOORS PRESIDENT","doors president"
"DORADO NOTTING","DORADO NOTTING","dorado notting"
"DOUBLE WRATH","DOUBLE WRATH","double wrath"
"DOUBTFIRE LABYRINTH","DOUBTFIRE LABYRINTH","doubtfire labyrinth"
"DOWNHILL ENOUGH","DOWNHILL ENOUGH","downhill enough"
"DOZEN LION","DOZEN LION","dozen lion"
"DRACULA CRYSTAL","DRACULA CRYSTAL","dracula crystal"
"DRAGON SQUAD","DRAGON SQUAD","dragon squad"
"DRAGONFLY STRANGERS","DRAGONFLY STRANGERS","dragonfly strangers"
"DREAM PICKUP","DREAM PICKUP","dream pickup"
"DRIFTER COMMANDMENTS","DRIFTER COMMANDMENTS","drifter commandments"
"DRIVER ANNIE","DRIVER ANNIE","driver annie"
"DRIVING POLISH","DRIVING POLISH","driving polish"
"DROP WATERFRONT","DROP WATERFRONT","drop waterfront"
"DRUMLINE CYCLONE","DRUMLINE CYCLONE","drumline cyclone"
"DRUMS DYNAMITE","DRUMS DYNAMITE","drums dynamite"
"DUCK RACER","DUCK RACER","duck racer"
"DUDE BLINDNESS","DUDE BLINDNESS","dude blindness"
"DUFFEL APOCALYPSE","DUFFEL APOCALYPSE","duffel apocalypse"
"DUMBO LUST","DUMBO LUST","dumbo lust"
"DURHAM PANKY","DURHAM PANKY","durham panky"
"DWARFS ALTER","DWARFS ALTER","dwarfs alter"
"DYING MAKER","DYING MAKER","dying maker"
"DYNAMITE TARZAN","DYNAMITE TARZAN","dynamite tarzan"
"EAGLES PANKY","EAGLES PANKY","eagles panky"
"EARLY HOME","EARLY HOME","early home"
"EARRING INSTINCT","EARRING INSTINCT","earring instinct"
"EARTH VISION","EARTH VISION","earth vision"
"EASY GLADIATOR","EASY GLADIATOR","easy gladiator"
"EDGE KISSING","EDGE KISSING","edge kissing"
"EFFECT GLADIATOR","EFFECT GLADIATOR","effect gladiator"
"EGG IGBY","EGG IGBY","egg igby"
"EGYPT TENENBAUMS","EGYPT TENENBAUMS","egypt tenenbaums"
"ELEMENT FREDDY","ELEMENT FREDDY","element freddy"
"ELEPHANT TROJAN","ELEPHANT TROJAN","elephant trojan"
"ELF MURDER","ELF MURDER","elf murder"
"ELIZABETH SHANE","ELIZABETH SHANE","elizabeth shane"
"EMPIRE MALKOVICH","EMPIRE MALKOVICH","empire malkovich"
"ENCINO ELF","ENCINO ELF","encino elf"
"ENCOUNTERS CURTAIN","ENCOUNTERS CURTAIN","encounters curtain"
"ENDING CROWDS","ENDING CROWDS","ending crowds"
"ENEMY ODDS","ENEMY ODDS","enemy odds"
"ENGLISH BULWORTH","ENGLISH BULWORTH","english bulworth"
"ENOUGH RAGING","ENOUGH RAGING","enough raging"
"ENTRAPMENT SATISFACTION","ENTRAPMENT SATISFACTION","entrapment satisfaction"
"ESCAPE METROPOLIS","ESCAPE METROPOLIS","escape metropolis"
"EVE RESURRECTION","EVE RESURRECTION","eve resurrection"
"EVERYONE CRAFT","EVERYONE CRAFT","everyone craft"
"EVOLUTION ALTER","EVOLUTION ALTER","evolution alter"
"EXCITEMENT EVE","EXCITEMENT EVE","excitement eve"
"EXORCIST STING","EXORCIST STING","exorcist sting"
"EXPECATIONS NATURAL","EXPECATIONS NATURAL","expecations natural"
"EXPENDABLE STALLION","EXPENDABLE STALLION","expendable stallion"
"EXPRESS LONELY","EXPRESS LONELY","express lonely"
"EXTRAORDINARY CONQUERER","EXTRAORDINARY CONQUERER","extraordinary conquerer"
"EYES DRIVING","EYES DRIVING","eyes driving"
"FACTORY DRAGON","FACTORY DRAGON","factory dragon"
"FALCON VOLUME","FALCON VOLUME","falcon volume"
"FAMILY SWEET","FAMILY SWEET","family sweet"
"FANTASIA PARK","FANTASIA PARK","fantasia park"
"FANTASY TROOPERS","FANTASY TROOPERS","fantasy troopers"
"FARGO GANDHI","FARGO GANDHI","fargo gandhi"
"FATAL HAUNTED","FATAL HAUNTED","fatal haunted"
"FEATHERS METAL","FEATHERS METAL","feathers metal"
"FELLOWSHIP AUTUMN","FELLOWSHIP AUTUMN","fellowship autumn"
"FERRIS MOTHER","FERRIS MOTHER","ferris mother"
"FEUD FROGMEN","FEUD FROGMEN","feud frogmen"
"FEVER EMPIRE","FEVER EMPIRE","fever empire"
"FICTION CHRISTMAS","FICTION CHRISTMAS","fiction christmas"
"FIDDLER LOST","FIDDLER LOST","fiddler lost"
"FIDELITY DEVIL","FIDELITY DEVIL","fidelity devil"
"FIGHT JAWBREAKER","FIGHT JAWBREAKER","fight jawbreaker"
"FINDING ANACONDA","FINDING ANACONDA","finding anaconda"
"FIRE WOLVES","FIRE WOLVES","fire wolves"
"FIREBALL PHILADELPHIA","FIREBALL PHILADELPHIA","fireball philadelphia"
"FIREHOUSE VIETNAM","FIREHOUSE VIETNAM","firehouse vietnam"
"FISH OPUS","FISH OPUS","fish opus"
"FLAMINGOS CONNECTICUT","FLAMINGOS CONNECTICUT","flamingos connecticut"
"FLASH WARS","FLASH WARS","flash wars"
"FLATLINERS KILLER","FLATLINERS KILLER","flatliners killer"
"FLIGHT LIES","FLIGHT LIES","flight lies"
"FLINTSTONES HAPPINESS","FLINTSTONES HAPPINESS","flintstones happiness"
"FLOATS GARDEN","FLOATS GARDEN","floats garden"
"FLYING HOOK","FLYING HOOK","flying hook"
"FOOL MOCKINGBIRD","FOOL MOCKINGBIRD","fool mockingbird"
"FOREVER CANDIDATE","FOREVER CANDIDATE","forever candidate"
"FORREST SONS","FORREST SONS","forrest sons"
"FORRESTER COMANCHEROS","FORRESTER COMANCHEROS","forrester comancheros"
"FORWARD TEMPLE","FORWARD TEMPLE","forward temple"
"FRANKENSTEIN STRANGER","FRANKENSTEIN STRANGER","frankenstein stranger"
"FREAKY POCUS","FREAKY POCUS","freaky pocus"
"FREDDY STORM","FREDDY STORM","freddy storm"
"FREEDOM CLEOPATRA","FREEDOM CLEOPATRA","freedom cleopatra"
"FRENCH HOLIDAY","FRENCH HOLIDAY","french holiday"
"FRIDA SLIPPER","FRIDA SLIPPER","frida slipper"
"FRISCO FORREST","FRISCO FORREST","frisco forrest"
"FROGMEN BREAKING","FROGMEN BREAKING","frogmen breaking"
"FRONTIER CABIN","FRONTIER CABIN","frontier cabin"
"FROST HEAD","FROST HEAD","frost head"
"FUGITIVE MAGUIRE","FUGITIVE MAGUIRE","fugitive maguire"
"FULL FLATLINERS","FULL FLATLINERS","full flatliners"
"FURY MURDER","FURY MURDER","fury murder"
"GABLES METROPOLIS","GABLES METROPOLIS","gables metropolis"
"GALAXY SWEETHEARTS","GALAXY SWEETHEARTS","galaxy sweethearts"
"GAMES BOWFINGER","GAMES BOWFINGER","games bowfinger"
"GANDHI KWAI","GANDHI KWAI","gandhi kwai"
"GANGS PRIDE","GANGS PRIDE","gangs pride"
"GARDEN ISLAND","GARDEN ISLAND","garden island"
"GASLIGHT CRUSADE","GASLIGHT CRUSADE","gaslight crusade"
"GATHERING CALENDAR","GATHERING CALENDAR","gathering calendar"
"GENTLEMEN STAGE","GENTLEMEN STAGE","gentlemen stage"
"GHOST GROUNDHOG","GHOST GROUNDHOG","ghost groundhog"
"GHOSTBUSTERS ELF","GHOSTBUSTERS ELF","ghostbusters elf"
"GIANT TROOPERS","GIANT TROOPERS","giant troopers"
"GILBERT PELICAN","GILBERT PELICAN","gilbert pelican"
"GILMORE BOILED","GILMORE BOILED","gilmore boiled"
"GLADIATOR WESTWARD","GLADIATOR WESTWARD","gladiator westward"
"GLASS DYING","GLASS DYING","glass dying"
"GLEAMING JAWBREAKER","GLEAMING JAWBREAKER","gleaming jawbreaker"
"GLORY TRACY","GLORY TRACY","glory tracy"
"GO PURPLE","GO PURPLE","go purple"
"GODFATHER DIARY","GODFATHER DIARY","godfather diary"
"GOLD RIVER","GOLD RIVER","gold river"
"GOLDFINGER SENSIBILITY","GOLDFINGER SENSIBILITY","goldfinger sensibility"
"GOLDMINE TYCOON","GOLDMINE TYCOON","goldmine tycoon"
"GONE TROUBLE","GONE TROUBLE","gone trouble"
"GOODFELLAS SALUTE","GOODFELLAS SALUTE","goodfellas salute"
"GORGEOUS BINGO","GORGEOUS BINGO","gorgeous bingo"
"GOSFORD DONNIE","GOSFORD DONNIE","gosford donnie"
"GRACELAND DYNAMITE","GRACELAND DYNAMITE","graceland dynamite"
"GRADUATE LORD","GRADUATE LORD","graduate lord"
"GRAFFITI LOVE","GRAFFITI LOVE","graffiti love"
"GRAIL FRANKENSTEIN","GRAIL FRANKENSTEIN","grail frankenstein"
"GRAPES FURY","GRAPES FURY","grapes fury"
"GREASE YOUTH","GREASE YOUTH","grease youth"
"GREATEST NORTH","GREATEST NORTH","greatest north"
"GREEDY ROOTS","GREEDY ROOTS","greedy roots"
"GREEK EVERYONE","GREEK EVERYONE","greek everyone"
"GRINCH MASSAGE","GRINCH MASSAGE","grinch massage"
"GRIT CLOCKWORK","GRIT CLOCKWORK","grit clockwork"
"GROOVE FICTION","GROOVE FICTION","groove fiction"
"GROSSE WONDERFUL","GROSSE WONDERFUL","grosse wonderful"
"GROUNDHOG UNCUT","GROUNDHOG UNCUT","groundhog uncut"
"GUMP DATE","GUMP DATE","gump date"
"GUN BONNIE","GUN BONNIE","gun bonnie"
"GUNFIGHT MOON","GUNFIGHT MOON","gunfight moon"
"GUNFIGHTER MUSSOLINI","GUNFIGHTER MUSSOLINI","gunfighter mussolini"
"GUYS FALCON","GUYS FALCON","guys falcon"
"HALF OUTFIELD","HALF OUTFIELD","half outfield"
"HALL CASSIDY","HALL CASSIDY","hall cassidy"
"HALLOWEEN NUTS","HALLOWEEN NUTS","halloween nuts"
"HAMLET WISDOM","HAMLET WISDOM","hamlet wisdom"
"HANDICAP BOONDOCK","HANDICAP BOONDOCK","handicap boondock"
"HANGING DEEP","HANGING DEEP","hanging deep"
"HANKY OCTOBER","HANKY OCTOBER","hanky october"
"HANOVER GALAXY","HANOVER GALAXY","hanover galaxy"
"HAPPINESS UNITED","HAPPINESS UNITED","happiness united"
"HARDLY ROBBERS","HARDLY ROBBERS","hardly robbers"
"HAROLD FRENCH","HAROLD FRENCH","harold french"
"HARPER DYING","HARPER DYING","harper dying"
"HARRY IDAHO","HARRY IDAHO","harry idaho"
"HATE HANDICAP","HATE HANDICAP","hate handicap"
"HAUNTED ANTITRUST","HAUNTED ANTITRUST","haunted antitrust"
"HAUNTING PIANIST","HAUNTING PIANIST","haunting pianist"
"HAWK CHILL","HAWK CHILL","hawk chill"
"HEAD STRANGER","HEAD STRANGER","head stranger"
"HEARTBREAKERS BRIGHT","HEARTBREAKERS BRIGHT","heartbreakers bright"
"HEAVEN FREEDOM","HEAVEN FREEDOM","heaven freedom"
"HEAVENLY GUN","HEAVENLY GUN","heavenly gun"
"HEAVYWEIGHTS BEAST","HEAVYWEIGHTS BEAST","heavyweights beast"
"HEDWIG ALTER","HEDWIG ALTER","hedwig alter"
"HELLFIGHTERS SIERRA","HELLFIGHTERS SIERRA","hellfighters sierra"
"HIGH ENCINO","HIGH ENCINO","high encino"
"HIGHBALL POTTER","HIGHBALL POTTER","highball potter"
"HILLS NEIGHBORS","HILLS NEIGHBORS","hills neighbors"
"HOBBIT ALIEN","HOBBIT ALIEN","hobbit alien"
"HOCUS FRIDA","HOCUS FRIDA","hocus frida"
"HOLES BRANNIGAN","HOLES BRANNIGAN","holes brannigan"
"HOLIDAY GAMES","HOLIDAY GAMES","holiday games"
"HOLLOW JEOPARDY","HOLLOW JEOPARDY","hollow jeopardy"
"HOLLYWOOD ANONYMOUS","HOLLYWOOD ANONYMOUS","hollywood anonymous"
"HOLOCAUST HIGHBALL","HOLOCAUST HIGHBALL","holocaust highball"
"HOLY TADPOLE","HOLY TADPOLE","holy tadpole"
"HOME PITY","HOME PITY","home pity"
"HOMEWARD CIDER","HOMEWARD CIDER","homeward cider"
"HOMICIDE PEACH","HOMICIDE PEACH","homicide peach"
"HONEY TIES","HONEY TIES","honey ties"
"HOOK CHARIOTS","HOOK CHARIOTS","hook chariots"
"HOOSIERS BIRDCAGE","HOOSIERS BIRDCAGE","hoosiers birdcage"
"HOPE TOOTSIE","HOPE TOOTSIE","hope tootsie"
"HORN WORKING","HORN WORKING","horn working"
"HORROR REIGN","HORROR REIGN","horror reign"
"HOTEL HAPPINESS","HOTEL HAPPINESS","hotel happiness"
"HOURS RAGE","HOURS RAGE","hours rage"
"HOUSE DYNAMITE","HOUSE DYNAMITE","house dynamite"
"HUMAN GRAFFITI","HUMAN GRAFFITI","human graffiti"
"HUNCHBACK IMPOSSIBLE","HUNCHBACK IMPOSSIBLE","hunchback impossible"
"HUNGER ROOF","HUNGER ROOF","hunger roof"
"HUNTER ALTER","HUNTER ALTER","hunter alter"
"HUNTING MUSKETEERS","HUNTING MUSKETEERS","hunting musketeers"
"HURRICANE AFFAIR","HURRICANE AFFAIR","hurricane affair"
"HUSTLER PARTY","HUSTLER PARTY","hustler party"
"HYDE DOCTOR","HYDE DOCTOR","hyde doctor"
"HYSTERICAL GRAIL","HYSTERICAL GRAIL","hysterical grail"
"ICE CROSSING","ICE CROSSING","ice crossing"
"IDAHO LOVE","IDAHO LOVE","idaho love"
"IDENTITY LOVER","IDENTITY LOVER","identity lover"
"IDOLS SNATCHERS","IDOLS SNATCHERS","idols snatchers"
"IGBY MAKER","IGBY MAKER","igby maker"
"ILLUSION AMELIE","ILLUSION AMELIE","illusion amelie"
"IMAGE PRINCESS","IMAGE PRINCESS","image princess"
"IMPACT ALADDIN","IMPACT ALADDIN","impact aladdin"
"IMPOSSIBLE PREJUDICE","IMPOSSIBLE PREJUDICE","impossible prejudice"
"INCH JET","INCH JET","inch jet"
"INDEPENDENCE HOTEL","INDEPENDENCE HOTEL","independence hotel"
"INDIAN LOVE","INDIAN LOVE","indian love"
"INFORMER DOUBLE","INFORMER DOUBLE","informer double"
"INNOCENT USUAL","INNOCENT USUAL","innocent usual"
"INSECTS STONE","INSECTS STONE","insects stone"
"INSIDER ARIZONA","INSIDER ARIZONA","insider arizona"
"INSTINCT AIRPORT","INSTINCT AIRPORT","instinct airport"
"INTENTIONS EMPIRE","INTENTIONS EMPIRE","intentions empire"
"INTERVIEW LIAISONS","INTERVIEW LIAISONS","interview liaisons"
"INTOLERABLE INTENTIONS","INTOLERABLE INTENTIONS","intolerable intentions"
"INTRIGUE WORST","INTRIGUE WORST","intrigue worst"
"INVASION CYCLONE","INVASION CYCLONE","invasion cyclone"
"IRON MOON","IRON MOON","iron moon"
"ISHTAR ROCKETEER","ISHTAR ROCKETEER","ishtar rocketeer"
"ISLAND EXORCIST","ISLAND EXORCIST","island exorcist"
"ITALIAN AFRICAN","ITALIAN AFRICAN","italian african"
"JACKET FRISCO","JACKET FRISCO","jacket frisco"
"JADE BUNCH","JADE BUNCH","jade bunch"
"JAPANESE RUN","JAPANESE RUN","japanese run"
"JASON TRAP","JASON TRAP","jason trap"
"JAWBREAKER BROOKLYN","JAWBREAKER BROOKLYN","jawbreaker brooklyn"
"JAWS HARRY","JAWS HARRY","jaws harry"
"JEDI BENEATH","JEDI BENEATH","jedi beneath"
"JEEPERS WEDDING","JEEPERS WEDDING","jeepers wedding"
"JEKYLL FROGMEN","JEKYLL FROGMEN","jekyll frogmen"
"JEOPARDY ENCINO","JEOPARDY ENCINO","jeopardy encino"
"JERICHO MULAN","JERICHO MULAN","jericho mulan"
"JERK PAYCHECK","JERK PAYCHECK","jerk paycheck"
"JERSEY SASSY","JERSEY SASSY","jersey sassy"
"JET NEIGHBORS","JET NEIGHBORS","jet neighbors"
"JINGLE SAGEBRUSH","JINGLE SAGEBRUSH","jingle sagebrush"
"JOON NORTHWEST","JOON NORTHWEST","joon northwest"
"JUGGLER HARDLY","JUGGLER HARDLY","juggler hardly"
"JUMANJI BLADE","JUMANJI BLADE","jumanji blade"
"JUMPING WRATH","JUMPING WRATH","jumping wrath"
"JUNGLE CLOSER","JUNGLE CLOSER","jungle closer"
"KANE EXORCIST","KANE EXORCIST","kane exorcist"
"KARATE MOON","KARATE MOON","karate moon"
"KENTUCKIAN GIANT","KENTUCKIAN GIANT","kentuckian giant"
"KICK SAVANNAH","KICK SAVANNAH","kick savannah"
"KILL BROTHERHOOD","KILL BROTHERHOOD","kill brotherhood"
"KILLER INNOCENT","KILLER INNOCENT","killer innocent"
"KING EVOLUTION","KING EVOLUTION","king evolution"
"KISS GLORY","KISS GLORY","kiss glory"
"KISSING DOLLS","KISSING DOLLS","kissing dolls"
"KNOCK WARLOCK","KNOCK WARLOCK","knock warlock"
"KRAMER CHOCOLATE","KRAMER CHOCOLATE","kramer chocolate"
"KWAI HOMEWARD","KWAI HOMEWARD","kwai homeward"
"LABYRINTH LEAGUE","LABYRINTH LEAGUE","labyrinth league"
"LADY STAGE","LADY STAGE","lady stage"
"LADYBUGS ARMAGEDDON","LADYBUGS ARMAGEDDON","ladybugs armageddon"
"LAMBS CINCINATTI","LAMBS CINCINATTI","lambs cincinatti"
"LANGUAGE COWBOY","LANGUAGE COWBOY","language cowboy"
"LAWLESS VISION","LAWLESS VISION","lawless vision"
"LAWRENCE LOVE","LAWRENCE LOVE","lawrence love"
"LEAGUE HELLFIGHTERS","LEAGUE HELLFIGHTERS","league hellfighters"
"LEATHERNECKS DWARFS","LEATHERNECKS DWARFS","leathernecks dwarfs"
"LEBOWSKI SOLDIERS","LEBOWSKI SOLDIERS","lebowski soldiers"
"LEGALLY SECRETARY","LEGALLY SECRETARY","legally secretary"
"LEGEND JEDI","LEGEND JEDI","legend jedi"
"LESSON CLEOPATRA","LESSON CLEOPATRA","lesson cleopatra"
"LIAISONS SWEET","LIAISONS SWEET","liaisons sweet"
"LIBERTY MAGNIFICENT","LIBERTY MAGNIFICENT","liberty magnificent"
"LICENSE WEEKEND","LICENSE WEEKEND","license weekend"
"LIES TREATMENT","LIES TREATMENT","lies treatment"
"LIFE TWISTED","LIFE TWISTED","life twisted"
"LIGHTS DEER","LIGHTS DEER","lights deer"
"LION UNCUT","LION UNCUT","lion uncut"
"LOATHING LEGALLY","LOATHING LEGALLY","loathing legally"
"LOCK REAR","LOCK REAR","lock rear"
"LOLA AGENT","LOLA AGENT","lola agent"
"LOLITA WORLD","LOLITA WORLD","lolita world"
"LONELY ELEPHANT","LONELY ELEPHANT","lonely elephant"
"LORD ARIZONA","LORD ARIZONA","lord arizona"
"LOSE INCH","LOSE INCH","lose inch"
"LOSER HUSTLER","LOSER HUSTLER","loser hustler"
"LOST BIRD","LOST BIRD","lost bird"
"LOUISIANA HARRY","LOUISIANA HARRY","louisiana harry"
"LOVE SUICIDES","LOVE SUICIDES","love suicides"
"LOVELY JINGLE","LOVELY JINGLE","lovely jingle"
"LOVER TRUMAN","LOVER TRUMAN","lover truman"
"LOVERBOY ATTACKS","LOVERBOY ATTACKS","loverboy attacks"
"LUCK OPUS","LUCK OPUS","luck opus"
"LUCKY FLYING","LUCKY FLYING","lucky flying"
"LUKE MUMMY","LUKE MUMMY","luke mummy"
"LUST LOCK","LUST LOCK","lust lock"
"MADIGAN DORADO","MADIGAN DORADO","madigan dorado"
"MADISON TRAP","MADISON TRAP","madison trap"
"MADNESS ATTACKS","MADNESS ATTACKS","madness attacks"
"MADRE GABLES","MADRE GABLES","madre gables"
"MAGIC MALLRATS","MAGIC MALLRATS","magic mallrats"
"MAGNIFICENT CHITTY","MAGNIFICENT CHITTY","magnificent chitty"
"MAGNOLIA FORRESTER","MAGNOLIA FORRESTER","magnolia forrester"
"MAGUIRE APACHE","MAGUIRE APACHE","maguire apache"
"MAIDEN HOME","MAIDEN HOME","maiden home"
"MAJESTIC FLOATS","MAJESTIC FLOATS","majestic floats"
"MAKER GABLES","MAKER GABLES","maker gables"
"MALKOVICH PET","MALKOVICH PET","malkovich pet"
"MALLRATS UNITED","MALLRATS UNITED","mallrats united"
"MALTESE HOPE","MALTESE HOPE","maltese hope"
"MANCHURIAN CURTAIN","MANCHURIAN CURTAIN","manchurian curtain"
"MANNEQUIN WORST","MANNEQUIN WORST","mannequin worst"
"MARRIED GO","MARRIED GO","married go"
"MARS ROMAN","MARS ROMAN","mars roman"
"MASK PEACH","MASK PEACH","mask peach"
"MASKED BUBBLE","MASKED BUBBLE","masked bubble"
"MASSACRE USUAL","MASSACRE USUAL","massacre usual"
"MASSAGE IMAGE","MASSAGE IMAGE","massage image"
"MATRIX SNOWMAN","MATRIX SNOWMAN","matrix snowman"
"MAUDE MOD","MAUDE MOD","maude mod"
"MEET CHOCOLATE","MEET CHOCOLATE","meet chocolate"
"MEMENTO ZOOLANDER","MEMENTO ZOOLANDER","memento zoolander"
"MENAGERIE RUSHMORE","MENAGERIE RUSHMORE","menagerie rushmore"
"MERMAID INSECTS","MERMAID INSECTS","mermaid insects"
"METAL ARMAGEDDON","METAL ARMAGEDDON","metal armageddon"
"METROPOLIS COMA","METROPOLIS COMA","metropolis coma"
"MICROCOSMOS PARADISE","MICROCOSMOS PARADISE","microcosmos paradise"
"MIDNIGHT WESTWARD","MIDNIGHT WESTWARD","midnight westward"
"MIDSUMMER GROUNDHOG","MIDSUMMER GROUNDHOG","midsummer groundhog"
"MIGHTY LUCK","MIGHTY LUCK","mighty luck"
"MILE MULAN","MILE MULAN","mile mulan"
"MILLION ACE","MILLION ACE","million ace"
"MINDS TRUMAN","MINDS TRUMAN","minds truman"
"MINE TITANS","MINE TITANS","mine titans"
"MINORITY KISS","MINORITY KISS","minority kiss"
"MIRACLE VIRTUAL","MIRACLE VIRTUAL","miracle virtual"
"MISSION ZOOLANDER","MISSION ZOOLANDER","mission zoolander"
"MIXED DOORS","MIXED DOORS","mixed doors"
"MOB DUFFEL","MOB DUFFEL","mob duffel"
"MOCKINGBIRD HOLLYWOOD","MOCKINGBIRD HOLLYWOOD","mockingbird hollywood"
"MOD SECRETARY","MOD SECRETARY","mod secretary"
"MODEL FISH","MODEL FISH","model fish"
"MODERN DORADO","MODERN DORADO","modern dorado"
"MONEY HAROLD","MONEY HAROLD","money harold"
"MONSOON CAUSE","MONSOON CAUSE","monsoon cause"
"MONSTER SPARTACUS","MONSTER SPARTACUS","monster spartacus"
"MONTEREY LABYRINTH","MONTEREY LABYRINTH","monterey labyrinth"
"MONTEZUMA COMMAND","MONTEZUMA COMMAND","montezuma command"
"MOON BUNCH","MOON BUNCH","moon bunch"
"MOONSHINE CABIN","MOONSHINE CABIN","moonshine cabin"
"MOONWALKER FOOL","MOONWALKER FOOL","moonwalker fool"
"MOSQUITO ARMAGEDDON","MOSQUITO ARMAGEDDON","mosquito armageddon"
"MOTHER OLEANDER","MOTHER OLEANDER","mother oleander"
"MOTIONS DETAILS","MOTIONS DETAILS","motions details"
"MOULIN WAKE","MOULIN WAKE","moulin wake"
"MOURNING PURPLE","MOURNING PURPLE","mourning purple"
"MOVIE SHAKESPEARE","MOVIE SHAKESPEARE","movie shakespeare"
"MULAN MOON","MULAN MOON","mulan moon"
"MULHOLLAND BEAST","MULHOLLAND BEAST","mulholland beast"
"MUMMY CREATURES","MUMMY CREATURES","mummy creatures"
"MUPPET MILE","MUPPET MILE","muppet mile"
"MURDER ANTITRUST","MURDER ANTITRUST","murder antitrust"
"MUSCLE BRIGHT","MUSCLE BRIGHT","muscle bright"
"MUSIC BOONDOCK","MUSIC BOONDOCK","music boondock"
"MUSKETEERS WAIT","MUSKETEERS WAIT","musketeers wait"
"MUSSOLINI SPOILERS","MUSSOLINI SPOILERS","mussolini spoilers"
"MYSTIC TRUMAN","MYSTIC TRUMAN","mystic truman"
"NAME DETECTIVE","NAME DETECTIVE","name detective"
"NASH CHOCOLAT","NASH CHOCOLAT","nash chocolat"
"NATIONAL STORY","NATIONAL STORY","national story"
"NATURAL STOCK","NATURAL STOCK","natural stock"
"NECKLACE OUTBREAK","NECKLACE OUTBREAK","necklace outbreak"
"NEIGHBORS CHARADE","NEIGHBORS CHARADE","neighbors charade"
"NEMO CAMPUS","NEMO CAMPUS","nemo campus"
"NETWORK PEAK","NETWORK PEAK","network peak"
"NEWSIES STORY","NEWSIES STORY","newsies story"
"NEWTON LABYRINTH","NEWTON LABYRINTH","newton labyrinth"
"NIGHTMARE CHILL","NIGHTMARE CHILL","nightmare chill"
"NONE SPIKING","NONE SPIKING","none spiking"
"NOON PAPI","NOON PAPI","noon papi"
"NORTH TEQUILA","NORTH TEQUILA","north tequila"
"NORTHWEST POLISH","NORTHWEST POLISH","northwest polish"
"NOTORIOUS REUNION","NOTORIOUS REUNION","notorious reunion"
"NOTTING SPEAKEASY","NOTTING SPEAKEASY","notting speakeasy"
"NOVOCAINE FLIGHT","NOVOCAINE FLIGHT","novocaine flight"
"NUTS TIES","NUTS TIES","nuts ties"
"OCTOBER SUBMARINE","OCTOBER SUBMARINE","october submarine"
"ODDS BOOGIE","ODDS BOOGIE","odds boogie"
"OKLAHOMA JUMANJI","OKLAHOMA JUMANJI","oklahoma jumanji"
"OLEANDER CLUE","OLEANDER CLUE","oleander clue"
"OPEN AFRICAN","OPEN AFRICAN","open african"
"OPERATION OPERATION","OPERATION OPERATION","operation operation"
"OPPOSITE NECKLACE","OPPOSITE NECKLACE","opposite necklace"
"OPUS ICE","OPUS ICE","opus ice"
"ORANGE GRAPES","ORANGE GRAPES","orange grapes"
"ORDER BETRAYED","ORDER BETRAYED","order betrayed"
"ORIENT CLOSER","ORIENT CLOSER","orient closer"
"OSCAR GOLD","OSCAR GOLD","oscar gold"
"OTHERS SOUP","OTHERS SOUP","others soup"
"OUTBREAK DIVINE","OUTBREAK DIVINE","outbreak divine"
"OUTFIELD MASSACRE","OUTFIELD MASSACRE","outfield massacre"
"OUTLAW HANKY","OUTLAW HANKY","outlaw hanky"
"OZ LIAISONS","OZ LIAISONS","oz liaisons"
"PACIFIC AMISTAD","PACIFIC AMISTAD","pacific amistad"
"PACKER MADIGAN","PACKER MADIGAN","packer madigan"
"PAJAMA JAWBREAKER","PAJAMA JAWBREAKER","pajama jawbreaker"
"PANIC CLUB","PANIC CLUB","panic club"
"PANKY SUBMARINE","PANKY SUBMARINE","panky submarine"
"PANTHER REDS","PANTHER REDS","panther reds"
"PAPI NECKLACE","PAPI NECKLACE","papi necklace"
"PARADISE SABRINA","PARADISE SABRINA","paradise sabrina"
"PARIS WEEKEND","PARIS WEEKEND","paris weekend"
"PARK CITIZEN","PARK CITIZEN","park citizen"
"PARTY KNOCK","PARTY KNOCK","party knock"
"PAST SUICIDES","PAST SUICIDES","past suicides"
"PATHS CONTROL","PATHS CONTROL","paths control"
"PATIENT SISTER","PATIENT SISTER","patient sister"
"PATRIOT ROMAN","PATRIOT ROMAN","patriot roman"
"PATTON INTERVIEW","PATTON INTERVIEW","patton interview"
"PAYCHECK WAIT","PAYCHECK WAIT","paycheck wait"
"PEACH INNOCENT","PEACH INNOCENT","peach innocent"
"PEAK FOREVER","PEAK FOREVER","peak forever"
"PEARL DESTINY","PEARL DESTINY","pearl destiny"
"PELICAN COMFORTS","PELICAN COMFORTS","pelican comforts"
"PERDITION FARGO","PERDITION FARGO","perdition fargo"
"PERFECT GROOVE","PERFECT GROOVE","perfect groove"
"PERSONAL LADYBUGS","PERSONAL LADYBUGS","personal ladybugs"
"PET HAUNTING","PET HAUNTING","pet haunting"
"PHANTOM GLORY","PHANTOM GLORY","phantom glory"
"PHILADELPHIA WIFE","PHILADELPHIA WIFE","philadelphia wife"
"PIANIST OUTFIELD","PIANIST OUTFIELD","pianist outfield"
"PICKUP DRIVING","PICKUP DRIVING","pickup driving"
"PILOT HOOSIERS","PILOT HOOSIERS","pilot hoosiers"
"PINOCCHIO SIMON","PINOCCHIO SIMON","pinocchio simon"
"PIRATES ROXANNE","PIRATES ROXANNE","pirates roxanne"
"PITTSBURGH HUNCHBACK","PITTSBURGH HUNCHBACK","pittsburgh hunchback"
"PITY BOUND","PITY BOUND","pity bound"
"PIZZA JUMANJI","PIZZA JUMANJI","pizza jumanji"
"PLATOON INSTINCT","PLATOON INSTINCT","platoon instinct"
"PLUTO OLEANDER","PLUTO OLEANDER","pluto oleander"
"POCUS PULP","POCUS PULP","pocus pulp"
"POLISH BROOKLYN","POLISH BROOKLYN","polish brooklyn"
"POLLOCK DELIVERANCE","POLLOCK DELIVERANCE","pollock deliverance"
"POND SEATTLE","POND SEATTLE","pond seattle"
"POSEIDON FOREVER","POSEIDON FOREVER","poseidon forever"
"POTLUCK MIXED","POTLUCK MIXED","potluck mixed"
"POTTER CONNECTICUT","POTTER CONNECTICUT","potter connecticut"
"PREJUDICE OLEANDER","PREJUDICE OLEANDER","prejudice oleander"
"PRESIDENT BANG","PRESIDENT BANG","president bang"
"PRIDE ALAMO","PRIDE ALAMO","pride alamo"
"PRIMARY GLASS","PRIMARY GLASS","primary glass"
"PRINCESS GIANT","PRINCESS GIANT","princess giant"
"PRIVATE DROP","PRIVATE DROP","private drop"
"PRIX UNDEFEATED","PRIX UNDEFEATED","prix undefeated"
"PSYCHO SHRUNK","PSYCHO SHRUNK","psycho shrunk"
"PULP BEVERLY","PULP BEVERLY","pulp beverly"
"PUNK DIVORCE","PUNK DIVORCE","punk divorce"
"PURE RUNNER","PURE RUNNER","pure runner"
"PURPLE MOVIE","PURPLE MOVIE","purple movie"
"QUEEN LUKE","QUEEN LUKE","queen luke"
"QUEST MUSSOLINI","QUEST MUSSOLINI","quest mussolini"
"QUILLS BULL","QUILLS BULL","quills bull"
"RACER EGG","RACER EGG","racer egg"
"RAGE GAMES","RAGE GAMES","rage games"
"RAGING AIRPLANE","RAGING AIRPLANE","raging airplane"
"RAIDERS ANTITRUST","RAIDERS ANTITRUST","raiders antitrust"
"RAINBOW SHOCK","RAINBOW SHOCK","rainbow shock"
"RANDOM GO","RANDOM GO","random go"
"RANGE MOONWALKER","RANGE MOONWALKER","range moonwalker"
"REAP UNFAITHFUL","REAP UNFAITHFUL","reap unfaithful"
"REAR TRADING","REAR TRADING","rear trading"
"REBEL AIRPORT","REBEL AIRPORT","rebel airport"
"RECORDS ZORRO","RECORDS ZORRO","records zorro"
"REDEMPTION COMFORTS","REDEMPTION COMFORTS","redemption comforts"
"REDS POCUS","REDS POCUS","reds pocus"
"REEF SALUTE","REEF SALUTE","reef salute"
"REIGN GENTLEMEN","REIGN GENTLEMEN","reign gentlemen"
"REMEMBER DIARY","REMEMBER DIARY","remember diary"
"REQUIEM TYCOON","REQUIEM TYCOON","requiem tycoon"
"RESERVOIR ADAPTATION","RESERVOIR ADAPTATION","reservoir adaptation"
"RESURRECTION SILVERADO","RESURRECTION SILVERADO","resurrection silverado"
"REUNION WITCHES","REUNION WITCHES","reunion witches"
"RIDER CADDYSHACK","RIDER CADDYSHACK","rider caddyshack"
"RIDGEMONT SUBMARINE","RIDGEMONT SUBMARINE","ridgemont submarine"
"RIGHT CRANES","RIGHT CRANES","right cranes"
"RINGS HEARTBREAKERS","RINGS HEARTBREAKERS","rings heartbreakers"
"RIVER OUTLAW","RIVER OUTLAW","river outlaw"
"ROAD ROXANNE","ROAD ROXANNE","road roxanne"
"ROBBERS JOON","ROBBERS JOON","robbers joon"
"ROBBERY BRIGHT","ROBBERY BRIGHT","robbery bright"
"ROCK INSTINCT","ROCK INSTINCT","rock instinct"
"ROCKETEER MOTHER","ROCKETEER MOTHER","rocketeer mother"
"ROCKY WAR","ROCKY WAR","rocky war"
"ROLLERCOASTER BRINGING","ROLLERCOASTER BRINGING","rollercoaster bringing"
"ROMAN PUNK","ROMAN PUNK","roman punk"
"ROOF CHAMPION","ROOF CHAMPION","roof champion"
"ROOM ROMAN","ROOM ROMAN","room roman"
"ROOTS REMEMBER","ROOTS REMEMBER","roots remember"
"ROSES TREASURE","ROSES TREASURE","roses treasure"
"ROUGE SQUAD","ROUGE SQUAD","rouge squad"
"ROXANNE REBEL","ROXANNE REBEL","roxanne rebel"
"RUGRATS SHAKESPEARE","RUGRATS SHAKESPEARE","rugrats shakespeare"
"RULES HUMAN","RULES HUMAN","rules human"
"RUN PACIFIC","RUN PACIFIC","run pacific"
"RUNAWAY TENENBAUMS","RUNAWAY TENENBAUMS","runaway tenenbaums"
"RUNNER MADIGAN","RUNNER MADIGAN","runner madigan"
"RUSH GOODFELLAS","RUSH GOODFELLAS","rush goodfellas"
"RUSHMORE MERMAID","RUSHMORE MERMAID","rushmore mermaid"
"SABRINA MIDNIGHT","SABRINA MIDNIGHT","sabrina midnight"
"SADDLE ANTITRUST","SADDLE ANTITRUST","saddle antitrust"
"SAGEBRUSH CLUELESS","SAGEBRUSH CLUELESS","sagebrush clueless"
"SAINTS BRIDE","SAINTS BRIDE","saints bride"
"SALUTE APOLLO","SALUTE APOLLO","salute apollo"
"SAMURAI LION","SAMURAI LION","samurai lion"
"SANTA PARIS","SANTA PARIS","santa paris"
"SASSY PACKER","SASSY PACKER","sassy packer"
"SATISFACTION CONFIDENTIAL","SATISFACTION CONFIDENTIAL","satisfaction confidential"
"SATURDAY LAMBS","SATURDAY LAMBS","saturday lambs"
"SATURN NAME","SATURN NAME","saturn name"
"SAVANNAH TOWN","SAVANNAH TOWN","savannah town"
"SCALAWAG DUCK","SCALAWAG DUCK","scalawag duck"
"SCARFACE BANG","SCARFACE BANG","scarface bang"
"SCHOOL JACKET","SCHOOL JACKET","school jacket"
"SCISSORHANDS SLUMS","SCISSORHANDS SLUMS","scissorhands slums"
"SCORPION APOLLO","SCORPION APOLLO","scorpion apollo"
"SEA VIRGIN","SEA VIRGIN","sea virgin"
"SEABISCUIT PUNK","SEABISCUIT PUNK","seabiscuit punk"
"SEARCHERS WAIT","SEARCHERS WAIT","searchers wait"
"SEATTLE EXPECATIONS","SEATTLE EXPECATIONS","seattle expecations"
"SECRET GROUNDHOG","SECRET GROUNDHOG","secret groundhog"
"SECRETARY ROUGE","SECRETARY ROUGE","secretary rouge"
"SECRETS PARADISE","SECRETS PARADISE","secrets paradise"
"SENSE GREEK","SENSE GREEK","sense greek"
"SENSIBILITY REAR","SENSIBILITY REAR","sensibility rear"
"SEVEN SWARM","SEVEN SWARM","seven swarm"
"SHAKESPEARE SADDLE","SHAKESPEARE SADDLE","shakespeare saddle"
"SHANE DARKNESS","SHANE DARKNESS","shane darkness"
"SHANGHAI TYCOON","SHANGHAI TYCOON","shanghai tycoon"
"SHAWSHANK BUBBLE","SHAWSHANK BUBBLE","shawshank bubble"
"SHEPHERD MIDSUMMER","SHEPHERD MIDSUMMER","shepherd midsummer"
"SHINING ROSES","SHINING ROSES","shining roses"
"SHIP WONDERLAND","SHIP WONDERLAND","ship wonderland"
"SHOCK CABIN","SHOCK CABIN","shock cabin"
"SHOOTIST SUPERFLY","SHOOTIST SUPERFLY","shootist superfly"
"SHOW LORD","SHOW LORD","show lord"
"SHREK LICENSE","SHREK LICENSE","shrek license"
"SHRUNK DIVINE","SHRUNK DIVINE","shrunk divine"
"SIDE ARK","SIDE ARK","side ark"
"SIEGE MADRE","SIEGE MADRE","siege madre"
"SIERRA DIVIDE","SIERRA DIVIDE","sierra divide"
"SILENCE KANE","SILENCE KANE","silence kane"
"SILVERADO GOLDFINGER","SILVERADO GOLDFINGER","silverado goldfinger"
"SIMON NORTH","SIMON NORTH","simon north"
"SINNERS ATLANTIS","SINNERS ATLANTIS","sinners atlantis"
"SISTER FREDDY","SISTER FREDDY","sister freddy"
"SKY MIRACLE","SKY MIRACLE","sky miracle"
"SLACKER LIAISONS","SLACKER LIAISONS","slacker liaisons"
"SLEEPING SUSPECTS","SLEEPING SUSPECTS","sleeping suspects"
"SLEEPLESS MONSOON","SLEEPLESS MONSOON","sleepless monsoon"
"SLEEPY JAPANESE","SLEEPY JAPANESE","sleepy japanese"
"SLEUTH ORIENT","SLEUTH ORIENT","sleuth orient"
"SLING LUKE","SLING LUKE","sling luke"
"SLIPPER FIDELITY","SLIPPER FIDELITY","slipper fidelity"
"SLUMS DUCK","SLUMS DUCK","slums duck"
"SMILE EARRING","SMILE EARRING","smile earring"
"SMOKING BARBARELLA","SMOKING BARBARELLA","smoking barbarella"
"SMOOCHY CONTROL","SMOOCHY CONTROL","smoochy control"
"SNATCH SLIPPER","SNATCH SLIPPER","snatch slipper"
"SNATCHERS MONTEZUMA","SNATCHERS MONTEZUMA","snatchers montezuma"
"SNOWMAN ROLLERCOASTER","SNOWMAN ROLLERCOASTER","snowman rollercoaster"
"SOLDIERS EVOLUTION","SOLDIERS EVOLUTION","soldiers evolution"
"SOMETHING DUCK","SOMETHING DUCK","something duck"
"SONG HEDWIG","SONG HEDWIG","song hedwig"
"SONS INTERVIEW","SONS INTERVIEW","sons interview"
"SORORITY QUEEN","SORORITY QUEEN","sorority queen"
"SOUP WISDOM","SOUP WISDOM","soup wisdom"
"SOUTH WAIT","SOUTH WAIT","south wait"
"SPARTACUS CHEAPER","SPARTACUS CHEAPER","spartacus cheaper"
"SPEAKEASY DATE","SPEAKEASY DATE","speakeasy date"
"SPEED SUIT","SPEED SUIT","speed suit"
"SPICE SORORITY","SPICE SORORITY","spice sorority"
"SPIKING ELEMENT","SPIKING ELEMENT","spiking element"
"SPINAL ROCKY","SPINAL ROCKY","spinal rocky"
"SPIRIT FLINTSTONES","SPIRIT FLINTSTONES","spirit flintstones"
"SPIRITED CASUALTIES","SPIRITED CASUALTIES","spirited casualties"
"SPLASH GUMP","SPLASH GUMP","splash gump"
"SPLENDOR PATTON","SPLENDOR PATTON","splendor patton"
"SPOILERS HELLFIGHTERS","SPOILERS HELLFIGHTERS","spoilers hellfighters"
"SPY MILE","SPY MILE","spy mile"
"SQUAD FISH","SQUAD FISH","squad fish"
"STAGE WORLD","STAGE WORLD","stage world"
"STAGECOACH ARMAGEDDON","STAGECOACH ARMAGEDDON","stagecoach armageddon"
"STALLION SUNDANCE","STALLION SUNDANCE","stallion sundance"
"STAMPEDE DISTURBING","STAMPEDE DISTURBING","stampede disturbing"
"STAR OPERATION","STAR OPERATION","star operation"
"STATE WASTELAND","STATE WASTELAND","state wasteland"
"STEEL SANTA","STEEL SANTA","steel santa"
"STEERS ARMAGEDDON","STEERS ARMAGEDDON","steers armageddon"
"STEPMOM DREAM","STEPMOM DREAM","stepmom dream"
"STING PERSONAL","STING PERSONAL","sting personal"
"STOCK GLASS","STOCK GLASS","stock glass"
"STONE FIRE","STONE FIRE","stone fire"
"STORM HAPPINESS","STORM HAPPINESS","storm happiness"
"STORY SIDE","STORY SIDE","story side"
"STRAIGHT HOURS","STRAIGHT HOURS","straight hours"
"STRANGELOVE DESIRE","STRANGELOVE DESIRE","strangelove desire"
"STRANGER STRANGERS","STRANGER STRANGERS","stranger strangers"
"STRANGERS GRAFFITI","STRANGERS GRAFFITI","strangers graffiti"
"STREAK RIDGEMONT","STREAK RIDGEMONT","streak ridgemont"
"STREETCAR INTENTIONS","STREETCAR INTENTIONS","streetcar intentions"
"STRICTLY SCARFACE","STRICTLY SCARFACE","strictly scarface"
"SUBMARINE BED","SUBMARINE BED","submarine bed"
"SUGAR WONKA","SUGAR WONKA","sugar wonka"
"SUICIDES SILENCE","SUICIDES SILENCE","suicides silence"
"SUIT WALLS","SUIT WALLS","suit walls"
"SUMMER SCARFACE","SUMMER SCARFACE","summer scarface"
"SUN CONFESSIONS","SUN CONFESSIONS","sun confessions"
"SUNDANCE INVASION","SUNDANCE INVASION","sundance invasion"
"SUNRISE LEAGUE","SUNRISE LEAGUE","sunrise league"
"SUNSET RACER","SUNSET RACER","sunset racer"
"SUPER WYOMING","SUPER WYOMING","super wyoming"
"SUPERFLY TRIP","SUPERFLY TRIP","superfly trip"
"SUSPECTS QUILLS","SUSPECTS QUILLS","suspects quills"
"SWARM GOLD","SWARM GOLD","swarm gold"
"SWEDEN SHINING","SWEDEN SHINING","sweden shining"
"SWEET BROTHERHOOD","SWEET BROTHERHOOD","sweet brotherhood"
"SWEETHEARTS SUSPECTS","SWEETHEARTS SUSPECTS","sweethearts suspects"
"TADPOLE PARK","TADPOLE PARK","tadpole park"
"TALENTED HOMICIDE","TALENTED HOMICIDE","talented homicide"
"TARZAN VIDEOTAPE","TARZAN VIDEOTAPE","tarzan videotape"
"TAXI KICK","TAXI KICK","taxi kick"
"TEEN APOLLO","TEEN APOLLO","teen apollo"
"TELEGRAPH VOYAGE","TELEGRAPH VOYAGE","telegraph voyage"
"TELEMARK HEARTBREAKERS","TELEMARK HEARTBREAKERS","telemark heartbreakers"
"TEMPLE ATTRACTION","TEMPLE ATTRACTION","temple attraction"
"TENENBAUMS COMMAND","TENENBAUMS COMMAND","tenenbaums command"
"TEQUILA PAST","TEQUILA PAST","tequila past"
"TERMINATOR CLUB","TERMINATOR CLUB","terminator club"
"TEXAS WATCH","TEXAS WATCH","texas watch"
"THEORY MERMAID","THEORY MERMAID","theory mermaid"
"THIEF PELICAN","THIEF PELICAN","thief pelican"
"THIN SAGEBRUSH","THIN SAGEBRUSH","thin sagebrush"
"TIES HUNGER","TIES HUNGER","ties hunger"
"TIGHTS DAWN","TIGHTS DAWN","tights dawn"
"TIMBERLAND SKY","TIMBERLAND SKY","timberland sky"
"TITANIC BOONDOCK","TITANIC BOONDOCK","titanic boondock"
"TITANS JERK","TITANS JERK","titans jerk"
"TOMATOES HELLFIGHTERS","TOMATOES HELLFIGHTERS","tomatoes hellfighters"
"TOMORROW HUSTLER","TOMORROW HUSTLER","tomorrow hustler"
"TOOTSIE PILOT","TOOTSIE PILOT","tootsie pilot"
"TORQUE BOUND","TORQUE BOUND","torque bound"
"TOURIST PELICAN","TOURIST PELICAN","tourist pelican"
"TOWERS HURRICANE","TOWERS HURRICANE","towers hurricane"
"TOWN ARK","TOWN ARK","town ark"
"TRACY CIDER","TRACY CIDER","tracy cider"
"TRADING PINOCCHIO","TRADING PINOCCHIO","trading pinocchio"
"TRAFFIC HOBBIT","TRAFFIC HOBBIT","traffic hobbit"
"TRAIN BUNCH","TRAIN BUNCH","train bunch"
"TRAINSPOTTING STRANGERS","TRAINSPOTTING STRANGERS","trainspotting strangers"
"TRAMP OTHERS","TRAMP OTHERS","tramp others"
"TRANSLATION SUMMER","TRANSLATION SUMMER","translation summer"
"TRAP GUYS","TRAP GUYS","trap guys"
"TREASURE COMMAND","TREASURE COMMAND","treasure command"
"TREATMENT JEKYLL","TREATMENT JEKYLL","treatment jekyll"
"TRIP NEWTON","TRIP NEWTON","trip newton"
"TROJAN TOMORROW","TROJAN TOMORROW","trojan tomorrow"
"TROOPERS METAL","TROOPERS METAL","troopers metal"
"TROUBLE DATE","TROUBLE DATE","trouble date"
"TRUMAN CRAZY","TRUMAN CRAZY","truman crazy"
"TURN STAR","TURN STAR","turn star"
"TUXEDO MILE","TUXEDO MILE","tuxedo mile"
"TWISTED PIRATES","TWISTED PIRATES","twisted pirates"
"TYCOON GATHERING","TYCOON GATHERING","tycoon gathering"
"UNBREAKABLE KARATE","UNBREAKABLE KARATE","unbreakable karate"
"UNCUT SUICIDES","UNCUT SUICIDES","uncut suicides"
"UNDEFEATED DALMATIONS","UNDEFEATED DALMATIONS","undefeated dalmations"
"UNFAITHFUL KILL","UNFAITHFUL KILL","unfaithful kill"
"UNFORGIVEN ZOOLANDER","UNFORGIVEN ZOOLANDER","unforgiven zoolander"
"UNITED PILOT","UNITED PILOT","united pilot"
"UNTOUCHABLES SUNRISE","UNTOUCHABLES SUNRISE","untouchables sunrise"
"UPRISING UPTOWN","UPRISING UPTOWN","uprising uptown"
"UPTOWN YOUNG","UPTOWN YOUNG","uptown young"
"USUAL UNTOUCHABLES","USUAL UNTOUCHABLES","usual untouchables"
"VACATION BOONDOCK","VACATION BOONDOCK","vacation boondock"
"VALENTINE VANISHING","VALENTINE VANISHING","valentine vanishing"
"VALLEY PACKER","VALLEY PACKER","valley packer"
"VAMPIRE WHALE","VAMPIRE WHALE","vampire whale"
"VANILLA DAY","VANILLA DAY","vanilla day"
"VANISHED GARDEN","VANISHED GARDEN","vanished garden"
"VANISHING ROCKY","VANISHING ROCKY","vanishing rocky"
"VARSITY TRIP","VARSITY TRIP","varsity trip"
"VELVET TERMINATOR","VELVET TERMINATOR","velvet terminator"
"VERTIGO NORTHWEST","VERTIGO NORTHWEST","vertigo northwest"
"VICTORY ACADEMY","VICTORY ACADEMY","victory academy"
"VIDEOTAPE ARSENIC","VIDEOTAPE ARSENIC","videotape arsenic"
"VIETNAM SMOOCHY","VIETNAM SMOOCHY","vietnam smoochy"
"VILLAIN DESPERATE","VILLAIN DESPERATE","villain desperate"
"VIRGIN DAISY","VIRGIN DAISY","virgin daisy"
"VIRGINIAN PLUTO","VIRGINIAN PLUTO","virginian pluto"
"VIRTUAL SPOILERS","VIRTUAL SPOILERS","virtual spoilers"
"VISION TORQUE","VISION TORQUE","vision torque"
"VOICE PEACH","VOICE PEACH","voice peach"
"VOLCANO TEXAS","VOLCANO TEXAS","volcano texas"
"VOLUME HOUSE","VOLUME HOUSE","volume house"
"VOYAGE LEGALLY","VOYAGE LEGALLY","voyage legally"
"WAGON JAWS","WAGON JAWS","wagon jaws"
"WAIT CIDER","WAIT CIDER","wait cider"
"WAKE JAWS","WAKE JAWS","wake jaws"
"WALLS ARTIST","WALLS ARTIST","walls artist"
"WANDA CHAMBER","WANDA CHAMBER","wanda chamber"
"WAR NOTTING","WAR NOTTING","war notting"
"WARDROBE PHANTOM","WARDROBE PHANTOM","wardrobe phantom"
"WARLOCK WEREWOLF","WARLOCK WEREWOLF","warlock werewolf"
"WARS PLUTO","WARS PLUTO","wars pluto"
"WASH HEAVENLY","WASH HEAVENLY","wash heavenly"
"WASTELAND DIVINE","WASTELAND DIVINE","wasteland divine"
"WATCH TRACY","WATCH TRACY","watch tracy"
"WATERFRONT DELIVERANCE","WATERFRONT DELIVERANCE","waterfront deliverance"
"WATERSHIP FRONTIER","WATERSHIP FRONTIER","watership frontier"
"WEDDING APOLLO","WEDDING APOLLO","wedding apollo"
"WEEKEND PERSONAL","WEEKEND PERSONAL","weekend personal"
"WEREWOLF LOLA","WEREWOLF LOLA","werewolf lola"
"WEST LION","WEST LION","west lion"
"WESTWARD SEABISCUIT","WESTWARD SEABISCUIT","westward seabiscuit"
"WHALE BIKINI","WHALE BIKINI","whale bikini"
"WHISPERER GIANT","WHISPERER GIANT","whisperer giant"
"WIFE TURN","WIFE TURN","wife turn"
"WILD APOLLO","WILD APOLLO","wild apollo"
"WILLOW TRACY","WILLOW TRACY","willow tracy"
"WIND PHANTOM","WIND PHANTOM","wind phantom"
"WINDOW SIDE","WINDOW SIDE","window side"
"WISDOM WORKER","WISDOM WORKER","wisdom worker"
"WITCHES PANIC","WITCHES PANIC","witches panic"
"WIZARD COLDBLOODED","WIZARD COLDBLOODED","wizard coldblooded"
"WOLVES DESIRE","WOLVES DESIRE","wolves desire"
"WOMEN DORADO","WOMEN DORADO","women dorado"
"WON DARES","WON DARES","won dares"
"WONDERFUL DROP","WONDERFUL DROP","wonderful drop"
"WONDERLAND CHRISTMAS","WONDERLAND CHRISTMAS","wonderland christmas"
"WONKA SEA","WONKA SEA","wonka sea"
"WORDS HUNTER","WORDS HUNTER","words hunter"
"WORKER TARZAN","WORKER TARZAN","worker tarzan"
"WORKING MICROCOSMOS","WORKING MICROCOSMOS","working microcosmos"
"WORLD LEATHERNECKS","WORLD LEATHERNECKS","world leathernecks"
"WORST BANGER","WORST BANGER","worst banger"
"WRATH MILE","WRATH MILE","wrath mile"
"WRONG BEHAVIOR","WRONG BEHAVIOR","wrong behavior"
"WYOMING STORM","WYOMING STORM","wyoming storm"
"YENTL IDAHO","YENTL IDAHO","yentl idaho"
"YOUNG LANGUAGE","YOUNG LANGUAGE","young language"
"YOUTH KICK","YOUTH KICK","youth kick"
"ZHIVAGO CORE","ZHIVAGO CORE","zhivago core"
"ZOOLANDER FICTION","ZOOLANDER FICTION","zoolander fiction"
"ZORRO ARK","ZORRO ARK","zorro ark"
